neighbourhood,avgprice
28704,164.60833333333332
28715,123.67441860465117
28732,157.2
28801,190.38645418326692
28803,148.30322580645162
28804,153.08646616541353
28805,130.90980392156862
28806,116.49047619047619
